Rk,G,Date,Age,Tm,,Opp,,GS,MP,FG,FGA,FG%,3P,3PA,3P%,FT,FTA,FT%,ORB,DRB,TRB,AST,STL,BLK,TOV,PF,PTS,GmSc,+/-
13,13,5/19/2024,24-080,IND,@,NYK,W (+21),1,32:54:00,10,17,0.588,6,12,0.5,0,1,0,1,3,4,6,1,1,2,2,26,22.4,21
12,12,5/17/2024,24-078,IND,,NYK,W (+13),1,32:09:00,6,12,0.5,3,8,0.375,0,0,,0,6,6,9,0,2,1,0,15,17.5,11
11,11,5/14/2024,24-075,IND,@,NYK,L (-30),1,33:58:00,5,9,0.556,1,4,0.25,2,2,1,0,2,2,5,2,2,2,0,13,14.2,-22
10,10,5/12/2024,24-073,IND,,NYK,W (+32),1,27:32:00,8,15,0.533,4,10,0.4,0,0,,0,6,6,5,0,0,0,2,20,17.2,31
9,9,5/10/2024,24-071,IND,,NYK,W (+5),1,38:07:00,14,26,0.538,6,16,0.375,1,1,1,0,4,4,7,2,1,2,1,35,28.8,16
8,8,5/8/2024,24-069,IND,@,NYK,L (-9),1,34:41:00,11,19,0.579,7,11,0.636,5,6,0.833,2,4,6,9,3,0,2,0,34,34.6,-17
7,7,5/6/2024,24-067,IND,@,NYK,L (-4),1,36:08:00,2,6,0.333,2,5,0.4,0,0,,0,2,2,8,4,0,3,0,6,9.8,-12
6,6,5/2/2024,24-063,IND,,MIL,W (+22),1,31:38:00,7,16,0.438,2,10,0.2,1,1,1,1,5,6,10,0,0,2,1,17,15.4,12
5,5,4/30/2024,24-061,IND,@,MIL,L (-23),1,33:51:00,6,14,0.429,4,10,0.4,0,0,,1,3,4,6,0,0,2,1,16,12,-14
4,4,4/28/2024,24-059,IND,,MIL,W (+13),1,32:02:00,8,16,0.5,5,12,0.417,3,3,1,0,4,4,4,1,0,3,0,24,18,13
3,3,4/26/2024,24-057,IND,,MIL,W (+3),1,45:50:00,8,22,0.364,1,12,0.083,1,1,1,5,5,10,16,0,1,4,1,18,18.3,16
2,2,4/23/2024,24-054,IND,@,MIL,W (+17),1,36:56:00,4,10,0.4,3,7,0.429,1,2,0.5,1,3,4,12,1,1,2,4,12,14.3,17
1,1,4/21/2024,24-052,IND,@,MIL,L (-15),1,37:43:00,4,7,0.571,1,3,0.333,0,0,,1,6,7,8,1,1,3,0,9,12.5,-3
82,69,4/14/2024,24-045,IND,,ATL,W (+42),1,25:25:00,5,10,0.5,0,4,0,2,3,0.667,0,2,2,13,3,1,2,3,12,16.8,27
81,68,4/12/2024,24-043,IND,@,CLE,L (-9),1,35:29:00,7,13,0.538,4,10,0.4,1,1,1,0,6,6,12,1,0,5,1,19,18.5,-11
80,67,4/9/2024,24-040,IND,@,TOR,W (+17),1,31:05:00,10,16,0.625,3,8,0.375,7,10,0.7,0,5,5,5,2,1,2,1,30,26.9,15
79,66,4/7/2024,24-038,IND,,MIA,W (+2),1,32:57:00,3,10,0.3,2,7,0.286,4,4,1,0,4,4,8,0,2,3,2,12,10.6,3
78,65,4/5/2024,24-036,IND,,OKC,W (+14),1,35:42:00,3,8,0.375,2,6,0.333,0,0,,0,2,2,11,1,0,2,1,8,10.5,0
77,64,4/3/2024,24-034,IND,@,BRK,L (-4),1,36:58:00,9,22,0.409,5,14,0.357,1,1,1,1,2,3,8,2,2,0,0,24,22.5,3
76,63,4/1/2024,24-032,IND,,BRK,W (+22),1,26:43:00,9,15,0.6,4,7,0.571,5,5,1,0,4,4,13,1,1,0,1,27,31.7,26
75,62,3/29/2024,24-029,IND,,LAL,W (+19),1,33:00:00,7,15,0.467,3,8,0.375,4,4,1,0,8,8,8,2,0,2,2,21,20.5,27
74,61,3/27/2024,24-027,IND,@,CHI,L (-26),1,31:04:00,4,15,0.267,3,11,0.273,2,3,0.667,2,2,4,5,0,0,2,2,13,6.4,-7
73,60,3/25/2024,24-025,IND,@,LAC,W (+17),1,31:00:00,7,12,0.583,6,9,0.667,1,1,1,0,1,1,9,2,0,3,2,21,20.2,3
72,59,3/24/2024,24-024,IND,@,LAL,L (-5),1,32:47:00,5,13,0.385,2,6,0.333,0,0,,1,5,6,10,2,0,1,1,12,14.7,-12
71,58,3/22/2024,24-022,IND,@,GSW,W (+12),1,37:50:00,9,18,0.5,4,8,0.5,4,5,0.8,0,2,2,11,4,3,1,0,26,30,25
70,57,3/20/2024,24-020,IND,@,DET,W (+19),1,25:56:00,9,13,0.692,1,3,0.333,1,2,0.5,0,3,3,9,4,0,2,1,20,22.9,18
69,56,3/18/2024,24-018,IND,,CLE,L (-5),1,32:29:00,4,14,0.286,1,9,0.111,5,5,1,1,5,6,12,1,1,3,5,14,13.1,-7
68,55,3/16/2024,24-016,IND,,BRK,W (+21),1,30:44:00,6,18,0.333,1,9,0.111,1,1,1,0,7,7,4,2,1,2,0,14,9.4,19
67,54,3/13/2024,24-013,IND,,CHI,L (-3),1,38:19:00,6,13,0.462,1,6,0.167,4,4,1,0,3,3,14,0,1,2,3,17,18.5,-22
66,53,3/12/2024,24-012,IND,@,OKC,W (+10),1,35:46:00,8,15,0.533,2,6,0.333,0,0,,0,4,4,12,2,2,4,0,18,19.7,7
65,52,3/10/2024,24-010,IND,@,ORL,W (+14),1,35:48:00,6,15,0.4,1,6,0.167,7,7,1,0,7,7,8,0,0,4,2,20,14.8,14
64,51,3/7/2024,24-007,IND,,MIN,L (-2),1,37:18:00,9,15,0.6,2,7,0.286,3,4,0.75,0,3,3,13,1,0,5,1,23,21.3,-1
63,50,3/5/2024,24-005,IND,@,DAL,W (+17),1,31:36:00,8,15,0.533,3,10,0.3,0,0,,1,5,6,11,0,1,2,2,19,19.5,18
62,49,3/3/2024,24-003,IND,@,SAS,L (-12),1,36:09:00,4,16,0.25,0,6,0,4,4,1,3,3,6,8,0,1,1,0,12,10.7,-14
61,48,3/1/2024,24-001,IND,@,NOP,L (-27),1,22:41,0,7,0,0,6,0,0,0,,0,3,3,3,0,0,1,0,0,-2.9,-40
60,47,2/28/2024,23-364,IND,,NOP,W (+9),1,33:52:00,7,15,0.467,3,8,0.375,0,0,,0,3,3,13,1,1,1,0,17,20,11
59,46,2/26/2024,23-362,IND,,TOR,L (-8),1,32:28:00,2,11,0.182,1,6,0.167,4,6,0.667,0,0,0,7,2,0,1,0,9,7.2,-16
58,45,2/25/2024,23-361,IND,,DAL,W (+22),1,31:23:00,8,15,0.533,1,5,0.2,0,0,,0,3,3,10,4,0,1,0,17,20.6,13
57,44,2/22/2024,23-358,IND,,DET,W (+14),1,33:35:00,10,18,0.556,4,10,0.4,1,1,1,0,2,2,13,2,0,5,0,25,23.1,12
56,43,2/14/2024,23-350,IND,@,TOR,W (+2),1,34:23:00,6,13,0.462,5,9,0.556,4,5,0.8,0,4,4,12,2,0,1,3,21,23.3,2
55,42,2/12/2024,23-348,IND,@,CHO,L (-9),1,34:10:00,5,15,0.333,3,8,0.375,0,0,,1,5,6,12,0,0,3,1,13,11.7,10
54,41,2/10/2024,23-346,IND,@,NYK,W (+14),1,30:17:00,7,14,0.5,4,9,0.444,4,5,0.8,0,3,3,12,0,1,1,0,22,23.6,11
53,40,2/8/2024,23-344,IND,,GSW,L (-22),1,25:49:00,2,7,0.286,1,4,0.25,0,0,,0,1,1,11,1,1,3,1,5,7.2,-9
52,39,2/6/2024,23-342,IND,,HOU,W (+3),1,29:05:00,8,15,0.533,2,6,0.333,0,1,0,0,2,2,7,1,2,2,1,18,15.8,-1
51,38,2/4/2024,23-340,IND,@,CHO,W (+16),1,20:17,6,8,0.75,3,5,0.6,2,3,0.667,0,1,1,4,1,2,1,0,17,17.9,13
50,37,2/2/2024,23-338,IND,,SAC,L (-11),0,21:32,6,10,0.6,1,3,0.333,1,1,1,1,2,3,1,1,0,5,1,14,7,-15
49,36,2/1/2024,23-337,IND,@,NYK,L (-4),1,21:54,6,10,0.6,2,6,0.333,1,1,1,0,4,4,5,0,2,1,1,15,15.1,5
48,35,1/30/2024,23-335,IND,@,BOS,L (-5),1,22:04,5,16,0.313,1,5,0.2,2,2,1,3,0,3,10,1,0,1,1,13,12.5,-4
47,,1/28/2024,23-333,IND,,MEM,W (+6),Inactive,,,,,,,,,,,,,,,,,,,,,
46,,1/26/2024,23-331,IND,,PHO,W (+2),Inactive,,,,,,,,,,,,,,,,,,,,,
45,,1/25/2024,23-330,IND,,PHI,W (+12),Inactive,,,,,,,,,,,,,,,,,,,,,
44,,1/23/2024,23-328,IND,,DEN,L (-5),Inactive,,,,,,,,,,,,,,,,,,,,,
43,,1/21/2024,23-326,IND,@,PHO,L (-7),Inactive,,,,,,,,,,,,,,,,,,,,,
42,34,1/19/2024,23-324,IND,@,POR,L (-3),1,34:52:00,6,14,0.429,2,7,0.286,7,9,0.778,0,2,2,17,0,0,0,1,21,24.9,16
41,,1/18/2024,23-323,IND,@,SAC,W (+5),Inactive,,,,,,,,,,,,,,,,,,,,,
40,,1/15/2024,23-320,IND,@,UTA,L (-27),Inactive,,,,,,,,,,,,,,,,,,,,,
39,,1/14/2024,23-319,IND,@,DEN,L (-8),Inactive,,,,,,,,,,,,,,,,,,,,,
38,,1/12/2024,23-317,IND,@,ATL,W (+18),Inactive,,,,,,,,,,,,,,,,,,,,,
37,,1/10/2024,23-315,IND,,WAS,W (+8),Inactive,,,,,,,,,,,,,,,,,,,,,
36,33,1/8/2024,23-313,IND,,BOS,W (+2),1,13:29,3,5,0.6,1,3,0.333,0,0,,0,2,2,6,0,0,2,1,7,7.1,-4
35,32,1/6/2024,23-311,IND,,BOS,L (-17),1,34:43:00,5,17,0.294,2,9,0.222,5,5,1,1,5,6,7,5,0,4,1,17,14.8,-14
34,31,1/5/2024,23-310,IND,,ATL,W (+34),1,25:12:00,4,6,0.667,2,4,0.5,0,0,,1,7,8,18,2,1,2,1,10,23.1,24
33,30,1/3/2024,23-308,IND,,MIL,W (+12),1,33:51:00,10,20,0.5,5,11,0.455,6,6,1,0,2,2,12,1,3,0,1,31,32.7,21
32,29,1/1/2024,23-306,IND,@,MIL,W (+9),1,36:44:00,11,22,0.5,1,7,0.143,3,3,1,1,8,9,11,1,1,2,0,26,25.5,-5
31,28,12/30/2023,23-304,IND,,NYK,W (+14),1,35:43:00,8,17,0.471,2,10,0.2,4,4,1,1,4,5,23,2,1,2,0,22,32,19
30,27,12/28/2023,23-302,IND,@,CHI,W (+16),1,37:12:00,7,17,0.412,6,13,0.462,1,2,0.5,0,3,3,20,2,1,0,2,21,28.3,32
29,26,12/26/2023,23-300,IND,@,HOU,W (+6),1,37:36:00,13,21,0.619,7,13,0.538,0,1,0,1,5,6,10,1,0,3,0,33,30.3,15
28,25,12/23/2023,23-297,IND,,ORL,L (-7),1,39:54:00,12,22,0.545,3,5,0.6,2,3,0.667,0,2,2,15,3,0,3,2,29,28.3,8
27,24,12/21/2023,23-295,IND,@,MEM,L (-13),1,37:33:00,7,19,0.368,2,12,0.167,1,2,0.5,0,4,4,14,0,0,4,2,17,12.3,1
26,23,12/20/2023,23-294,IND,,CHO,W (+31),1,27:47:00,6,14,0.429,3,9,0.333,4,4,1,1,2,3,13,1,1,4,0,19,19.7,32
25,22,12/18/2023,23-292,IND,,LAC,L (-24),1,30:57:00,3,12,0.25,1,5,0.2,1,2,0.5,0,2,2,11,0,0,4,1,8,4.3,-37
24,,12/16/2023,23-290,IND,@,MIN,L (-18),Inactive,,,,,,,,,,,,,,,,,,,,,
23,21,12/15/2023,23-289,IND,@,WAS,L (-14),1,27:43:00,7,17,0.412,2,6,0.333,3,3,1,1,1,2,11,0,0,4,2,19,13.8,-18
22,20,12/13/2023,23-287,IND,@,MIL,L (-14),1,30:38:00,8,16,0.5,1,4,0.25,5,7,0.714,1,4,5,7,0,0,3,0,22,17,-14
21,19,12/11/2023,23-285,IND,@,DET,W (+8),1,32:50:00,5,12,0.417,3,6,0.5,1,1,1,0,5,5,16,1,2,7,2,14,14.9,8
20,18,12/7/2023,23-281,IND,@,MIL,W (+9),1,36:32:00,11,19,0.579,3,9,0.333,2,2,1,3,4,7,15,0,1,0,1,27,32.2,0
19,17,12/4/2023,23-278,IND,,BOS,W (+10),1,40:06:00,10,18,0.556,5,11,0.455,1,1,1,3,7,10,13,1,0,0,2,26,30.9,15
18,,12/2/2023,23-276,IND,@,MIA,W (+15),Inactive,,,,,,,,,,,,,,,,,,,,,
17,16,11/30/2023,23-274,IND,@,MIA,L (-10),1,39:44:00,15,28,0.536,6,16,0.375,8,12,0.667,0,2,2,10,3,1,2,0,44,38.1,-6
16,15,11/27/2023,23-271,IND,,POR,L (-4),1,35:45:00,11,17,0.647,3,6,0.5,8,9,0.889,0,2,2,9,0,0,3,1,33,28.6,-3
15,14,11/24/2023,23-268,IND,,DET,W (+23),1,32:10:00,9,23,0.391,5,13,0.385,3,3,1,0,2,2,10,0,0,1,0,26,20.1,9
14,13,11/22/2023,23-266,IND,,TOR,L (-1),1,34:26:00,12,22,0.545,5,10,0.5,4,5,0.8,1,2,3,16,0,1,3,3,33,31,4
13,12,11/21/2023,23-265,IND,@,ATL,W (+5),1,38:31:00,11,18,0.611,9,15,0.6,6,7,0.857,1,4,5,16,3,1,6,0,37,39.2,16
12,11,11/19/2023,23-263,IND,,ORL,L (-12),1,25:16:00,4,14,0.286,1,3,0.333,3,3,1,0,2,2,3,0,1,4,2,12,2.4,-30
11,10,11/14/2023,23-258,IND,@,PHI,W (+6),1,38:26:00,11,18,0.611,7,12,0.583,4,5,0.8,1,6,7,15,2,1,0,1,33,39.7,19
10,9,11/12/2023,23-256,IND,@,PHI,L (-11),1,36:30:00,9,14,0.643,3,6,0.5,4,4,1,0,1,1,17,2,1,0,0,25,33.7,4
9,8,11/9/2023,23-253,IND,,MIL,W (+2),1,38:07:00,10,17,0.588,5,9,0.556,4,4,1,1,5,6,10,0,1,2,1,29,28.6,14
8,7,11/8/2023,23-252,IND,,UTA,W (+16),1,30:40:00,6,12,0.5,1,6,0.167,3,3,1,1,5,6,13,1,0,2,0,16,20.3,-1
7,6,11/6/2023,23-250,IND,,SAS,W (+41),1,27:09:00,9,19,0.474,3,7,0.429,2,2,1,0,2,2,8,1,1,2,1,23,18.8,27
6,5,11/4/2023,23-248,IND,,CHO,L (-1),1,36:42:00,14,21,0.667,8,12,0.667,7,7,1,0,2,2,12,0,1,3,2,43,39.8,8
5,4,11/3/2023,23-247,IND,,CLE,W (+5),1,34:19:00,5,14,0.357,0,5,0,8,9,0.889,0,2,2,13,2,0,4,2,18,16.7,3
4,,11/1/2023,23-245,IND,@,BOS,L (-51),Inactive,,,,,,,,,,,,,,,,,,,,,
3,3,10/30/2023,23-243,IND,,CHI,L (-7),1,36:06:00,6,16,0.375,1,8,0.125,6,7,0.857,1,4,5,13,2,0,4,1,19,18.4,2
2,2,10/28/2023,23-241,IND,@,CLE,W (+12),1,32:01:00,7,16,0.438,4,7,0.571,3,3,1,1,7,8,13,0,0,1,2,21,22.7,-1
1,1,10/25/2023,23-238,IND,,WAS,W (+23),1,26:54:00,9,16,0.563,2,6,0.333,0,0,,0,3,3,11,1,2,3,1,20,20,6
